{
  "24 Oct": 0.20,
  "23 Oct": 0.21,
  "22 Oct": 0.24,
  "21 Oct": 0.25,
  "20 Oct": 0.26,
  "19 Oct": 0.25,
  "18 Oct": 0.21,
  "17 Oct": 0.18,
  "16 Oct": 0.17,
  "15 Oct": 0.15,
  "14 Oct": 0.21,
  "13 Oct": 0.24,
  "12 Oct": 0.25,
  "11 Oct": 0.33,
  "10 Oct": 0.29,
  "9 Oct": 0.26,
  "8 Oct": 0.25555,
  "7 Oct": 0.25,
  "6 Oct": 0.21,
  "5 Oct": 0.21,
  "4 Oct": 0.20,
  "3 Oct": 0.1903,
  "2 Oct": 0.193223,
  "1 Oct": 0.18,
  "30 Sep": 0.19,
  "29 Sep": 0.1322,
  "28 Sep": 0.11121,
  "27 Sep": 0.1121,
  "26 Aug": 0.11343,
  "25 Aug": 0.21,
  "24 Sep": 0.20,
  "23 Sep": 0.18,
  "22 Sep": 0.11,
  "21 Sep": 0.11,
  "20 Sep": 0.11,
  "19 Sep": 0.14,
  "18 Sep": 0.22,
  "17 Sep": 0.18,
  "16 Sep": 0.17,
  "15 Sep": 0.15,
  "14 Sep": 0.14,
  "13 Sep": 0.14,
  "12 Sep": 0.14,
  "11 Sep": 0.25,
  "10 Sep": 0.18,
  "9 Sep": 0.17,
  "8 Sep": 0.18,
  "7 Sep": 0.16,
  "6 Sep": 0.19,
  "5 Sep": 0.20,
  "4 Sep": 0.18,
  "3 Sep": 0.09,
  "2 Sep": 0.11,
  "1 Sep": 0.11,
  "31 Aug": 0.11,
  "30 Aug": 0.10
}
